model,mae,rmse,pearson_r,predicted_total
Fixed 2024 MLR,395.6779429176165,440.7497566039223,0.6798727439348884,39642.686252602274
Dynamic 52-week MLR,222.71030307244575,356.8059687597256,0.7563118535341777,25939.088702288787
