model,disease,mae,rmse,pearson_r,observed_total,predicted_total
Fixed 2024 attention + season,chikungunya,2058.692513502697,2541.2360636057824,0.9388909913677042,250856,357908.0107021402
Fixed 2024 attention + season,dengue,42873.7305356538,56168.91776134362,0.8578966753650947,1631977,3732177.39016751
Fixed 2024 attention + season,zika,226.95874775747322,265.41851182806136,0.9135593336870017,25723,37524.85488338861
Fixed 2024 attention + season,pooled,15053.127265637988,32462.674207967804,0.9244548733830575,1908556,4127610.2557530385
Dynamic 52-week attention + season,chikungunya,913.2114557361668,1280.8975526576658,0.945966109238522,250856,288609.0622475808
Dynamic 52-week attention + season,dengue,11584.834801686096,15390.014772843277,0.8689347592144656,1631977,1950037.2009398774
Dynamic 52-week attention + season,zika,109.12788128685769,149.15531684387983,0.9229079876210208,25723,31098.189835862922
Dynamic 52-week attention + season,pooled,4202.391379569705,8916.566988052475,0.9326583133581225,1908556,2269744.453023321
